N,Np,Nc,repetition,M,seconds,primes
1,1,1,1,100000,6.144540064,6610
1,1,1,2,100000,7.385726019,6709
1,1,1,3,100000,6.539103085,6615
1,1,1,4,100000,6.851867357,6686
1,1,1,5,100000,7.399517383,6606
1,1,1,6,100000,7.420600773,6631
1,1,1,7,100000,6.850469875,6573
1,1,1,8,100000,7.963969315,6671
1,1,1,9,100000,6.768007074,6675
1,1,1,10,100000,7.631836159,6465
1,1,2,1,100000,7.256444514,6711
1,1,2,2,100000,6.747844893,6624
1,1,2,3,100000,7.945746054,6659
1,1,2,4,100000,7.504345244,6546
1,1,2,5,100000,6.396444679,6623
1,1,2,6,100000,6.329197976,6624
1,1,2,7,100000,8.026403614,6781
1,1,2,8,100000,7.833023890,6589
1,1,2,9,100000,6.389572873,6591
1,1,2,10,100000,6.402376894,6599
1,1,4,1,100000,8.877397948,6681
1,1,4,2,100000,9.300445092,6623
1,1,4,3,100000,8.829556563,6651
1,1,4,4,100000,8.564951529,6535
1,1,4,5,100000,8.654265050,6636
1,1,4,6,100000,8.545404828,6633
1,1,4,7,100000,8.040956812,6684
1,1,4,8,100000,7.015357098,6581
1,1,4,9,100000,7.886083963,6716
1,1,4,10,100000,6.447001320,6633
1,1,8,1,100000,7.385722733,6664
1,1,8,2,100000,7.778779548,6746
1,1,8,3,100000,6.467513561,6749
1,1,8,4,100000,6.566426368,6699
1,1,8,5,100000,6.476062422,6541
1,1,8,6,100000,6.720257389,6684
1,1,8,7,100000,6.475057478,6589
1,1,8,8,100000,7.117403926,6464
1,1,8,9,100000,6.904885417,6641
1,1,8,10,100000,8.259909408,6731
1,2,1,1,100000,7.322881416,6511
1,2,1,2,100000,6.403286095,6599
1,2,1,3,100000,7.280279921,6608
1,2,1,4,100000,7.103337410,6643
1,2,1,5,100000,7.542489997,6661
1,2,1,6,100000,6.836590107,6628
1,2,1,7,100000,6.417849018,6731
1,2,1,8,100000,6.296434996,6593
1,2,1,9,100000,6.438959192,6630
1,2,1,10,100000,8.372495331,6642
1,4,1,1,100000,8.006561489,6678
1,4,1,2,100000,6.536901349,6735
1,4,1,3,100000,7.818451217,6642
1,4,1,4,100000,7.108550617,6693
1,4,1,5,100000,7.030149617,6632
1,4,1,6,100000,7.388628418,6640
1,4,1,7,100000,7.814192604,6519
1,4,1,8,100000,7.505437003,6637
1,4,1,9,100000,6.417551300,6621
1,4,1,10,100000,6.465482806,6637
1,8,1,1,100000,7.886966526,6690
1,8,1,2,100000,8.251007717,6643
1,8,1,3,100000,6.881697186,6612
1,8,1,4,100000,6.616828825,6703
1,8,1,5,100000,6.500369862,6569
1,8,1,6,100000,7.394577700,6676
1,8,1,7,100000,7.545795211,6623
1,8,1,8,100000,6.720353402,6550
1,8,1,9,100000,6.579555068,6678
1,8,1,10,100000,7.478119520,6837
10,1,1,1,100000,0.642657996,6790
10,1,1,2,100000,0.616296495,6596
10,1,1,3,100000,0.623735196,6622
10,1,1,4,100000,0.621482995,6703
10,1,1,5,100000,0.622269295,6640
10,1,1,6,100000,0.746065394,6735
10,1,1,7,100000,0.786639894,6598
10,1,1,8,100000,0.763600095,6535
10,1,1,9,100000,0.776330196,6790
10,1,1,10,100000,0.778550500,6813
10,1,2,1,100000,0.460101999,6628
10,1,2,2,100000,0.398536400,6692
10,1,2,3,100000,0.404610400,6698
10,1,2,4,100000,0.414718600,6591
10,1,2,5,100000,0.420441299,6661
10,1,2,6,100000,0.396702600,6648
10,1,2,7,100000,0.407729100,6493
10,1,2,8,100000,0.381350400,6531
10,1,2,9,100000,0.384539599,6654
10,1,2,10,100000,0.406817200,6674
10,1,4,1,100000,1.877255099,6724
10,1,4,2,100000,2.178855701,6644
10,1,4,3,100000,2.274101602,6630
10,1,4,4,100000,2.300889602,6675
10,1,4,5,100000,2.286131481,6536
10,1,4,6,100000,2.272078668,6563
10,1,4,7,100000,2.088864579,6623
10,1,4,8,100000,1.943564587,6625
10,1,4,9,100000,2.265517978,6741
10,1,4,10,100000,2.254272525,6677
10,1,8,1,100000,2.034795880,6664
10,1,8,2,100000,1.904157808,6660
10,1,8,3,100000,1.918100390,6652
10,1,8,4,100000,1.914167388,6663
10,1,8,5,100000,1.944833687,6590
10,1,8,6,100000,2.000693887,6532
10,1,8,7,100000,1.915052338,6731
10,1,8,8,100000,1.927960871,6650
10,1,8,9,100000,1.934036668,6696
10,1,8,10,100000,1.924109174,6768
10,2,1,1,100000,0.539901445,6649
10,2,1,2,100000,0.474096597,6838
10,2,1,3,100000,0.446938272,6652
10,2,1,4,100000,0.437520009,6716
10,2,1,5,100000,0.476380819,6756
10,2,1,6,100000,0.448333112,6534
10,2,1,7,100000,0.418554204,6817
10,2,1,8,100000,0.429325007,6687
10,2,1,9,100000,0.411556103,6626
10,2,1,10,100000,0.422332305,6617
10,4,1,1,100000,2.254939963,6725
10,4,1,2,100000,1.906531076,6562
10,4,1,3,100000,1.901847054,6622
10,4,1,4,100000,2.300519393,6605
10,4,1,5,100000,2.263727391,6537
10,4,1,6,100000,2.454286061,6755
10,4,1,7,100000,2.266491738,6596
10,4,1,8,100000,2.147609941,6518
10,4,1,9,100000,2.030801544,6693
10,4,1,10,100000,2.296512667,6675
10,8,1,1,100000,2.266242874,6605
10,8,1,2,100000,2.008338234,6660
10,8,1,3,100000,2.368736257,6740
10,8,1,4,100000,2.747156700,6741
10,8,1,5,100000,2.464299221,6536
10,8,1,6,100000,2.530209615,6670
10,8,1,7,100000,2.385997808,6704
10,8,1,8,100000,2.278912104,6689
10,8,1,9,100000,2.403236777,6611
10,8,1,10,100000,2.518543452,6700
100,1,1,1,100000,0.169229887,6503
100,1,1,2,100000,0.121921391,6671
100,1,1,3,100000,0.120351791,6535
100,1,1,4,100000,0.115986992,6552
100,1,1,5,100000,0.114387892,6524
100,1,1,6,100000,0.120386191,6549
100,1,1,7,100000,0.124758491,6824
100,1,1,8,100000,0.118730791,6767
100,1,1,9,100000,0.114562191,6623
100,1,1,10,100000,0.111325191,6639
100,1,2,1,100000,0.147799088,6654
100,1,2,2,100000,0.090015593,6540
100,1,2,3,100000,0.087244593,6605
100,1,2,4,100000,0.092238793,6645
100,1,2,5,100000,0.090116193,6531
100,1,2,6,100000,0.079081194,6607
100,1,2,7,100000,0.105830392,6472
100,1,2,8,100000,0.092510093,6660
100,1,2,9,100000,0.090460494,6739
100,1,2,10,100000,0.095540093,6702
100,1,4,1,100000,2.230363732,6669
100,1,4,2,100000,2.405408326,6692
100,1,4,3,100000,1.985363404,6637
100,1,4,4,100000,2.110674036,6741
100,1,4,5,100000,2.086241529,6737
100,1,4,6,100000,1.753773736,6691
100,1,4,7,100000,2.033119490,6573
100,1,4,8,100000,2.065387387,6548
100,1,4,9,100000,1.999388893,6749
100,1,4,10,100000,1.848368328,6620
100,1,8,1,100000,2.162732253,6589
100,1,8,2,100000,1.911133369,6594
100,1,8,3,100000,1.928120868,6480
100,1,8,4,100000,1.917543470,6630
100,1,8,5,100000,1.995965766,6687
100,1,8,6,100000,1.906890072,6572
100,1,8,7,100000,1.921254770,6597
100,1,8,8,100000,1.921797971,6633
100,1,8,9,100000,1.908904276,6690
100,1,8,10,100000,2.050851167,6634
100,2,1,1,100000,0.333085679,6650
100,2,1,2,100000,0.270401182,6560
100,2,1,3,100000,0.260825083,6559
100,2,1,4,100000,0.258048583,6566
100,2,1,5,100000,0.255690283,6585
100,2,1,6,100000,0.268874382,6730
100,2,1,7,100000,0.261324783,6595
100,2,1,8,100000,0.314963179,6682
100,2,1,9,100000,0.321043979,6765
100,2,1,10,100000,0.308785580,6672
100,4,1,1,100000,2.138042472,6713
100,4,1,2,100000,2.052774582,6780
100,4,1,3,100000,2.247067070,6555
100,4,1,4,100000,2.337228669,6577
100,4,1,5,100000,2.586294616,6721
100,4,1,6,100000,2.378697823,6632
100,4,1,7,100000,2.322506424,6570
100,4,1,8,100000,1.949454343,6664
100,4,1,9,100000,1.936124946,6644
100,4,1,10,100000,1.960185844,6614
100,8,1,1,100000,2.118836040,6623
100,8,1,2,100000,2.156413379,6637
100,8,1,3,100000,1.934510890,6606
100,8,1,4,100000,2.238584598,6688
100,8,1,5,100000,2.348115599,6577
100,8,1,6,100000,2.260667275,6820
100,8,1,7,100000,2.303949382,6620
100,8,1,8,100000,2.464090908,6744
100,8,1,9,100000,2.458473870,6692
100,8,1,10,100000,2.349332161,6567
1000,1,1,1,100000,0.173540604,6784
1000,1,1,2,100000,0.107974303,6607
1000,1,1,3,100000,0.102537303,6690
1000,1,1,4,100000,0.100853403,6576
1000,1,1,5,100000,0.097026003,6654
1000,1,1,6,100000,0.094755802,6594
1000,1,1,7,100000,0.096413703,6726
1000,1,1,8,100000,0.094446503,6768
1000,1,1,9,100000,0.094039502,6640
1000,1,1,10,100000,0.098997303,6706
1000,1,2,1,100000,0.089119302,6752
1000,1,2,2,100000,0.049208301,6669
1000,1,2,3,100000,0.046894001,6732
1000,1,2,4,100000,0.048603601,6723
1000,1,2,5,100000,0.048400902,6569
1000,1,2,6,100000,0.049868601,6677
1000,1,2,7,100000,0.050231902,6574
1000,1,2,8,100000,0.051660501,6578
1000,1,2,9,100000,0.051154402,6672
1000,1,2,10,100000,0.052193801,6769
1000,1,4,1,100000,1.873177949,6706
1000,1,4,2,100000,1.761015605,6595
1000,1,4,3,100000,1.804215811,6631
1000,1,4,4,100000,1.749184407,6777
1000,1,4,5,100000,2.132307731,6628
1000,1,4,6,100000,2.204060314,6850
1000,1,4,7,100000,2.099051005,6643
1000,1,4,8,100000,2.400550078,6747
1000,1,4,9,100000,2.069465356,6682
1000,1,4,10,100000,1.945616376,6632
1000,1,8,1,100000,2.472582543,6560
1000,1,8,2,100000,2.329869753,6589
1000,1,8,3,100000,2.313911940,6750
1000,1,8,4,100000,2.230814906,6551
1000,1,8,5,100000,2.047130505,6588
1000,1,8,6,100000,1.912377705,6735
1000,1,8,7,100000,1.938185861,6542
1000,1,8,8,100000,2.002046481,6634
1000,1,8,9,100000,2.169864588,6589
1000,1,8,10,100000,2.096003285,6712
1000,2,1,1,100000,0.408180514,6711
1000,2,1,2,100000,0.269715407,6644
1000,2,1,3,100000,0.278856707,6658
1000,2,1,4,100000,0.279829408,6775
1000,2,1,5,100000,0.268515407,6552
1000,2,1,6,100000,0.263319707,6661
1000,2,1,7,100000,0.258910006,6525
1000,2,1,8,100000,0.249489806,6613
1000,2,1,9,100000,0.267603907,6730
1000,2,1,10,100000,0.269236907,6486
1000,4,1,1,100000,2.236230458,6764
1000,4,1,2,100000,2.224735857,6568
1000,4,1,3,100000,2.403293558,6690
1000,4,1,4,100000,2.162160852,6552
1000,4,1,5,100000,2.101143950,6647
1000,4,1,6,100000,1.880615245,6535
1000,4,1,7,100000,1.847697739,6644
1000,4,1,8,100000,1.859126038,6673
1000,4,1,9,100000,1.840498738,6593
1000,4,1,10,100000,2.045881742,6588
1000,8,1,1,100000,2.302929154,6569
1000,8,1,2,100000,2.515324162,6651
1000,8,1,3,100000,2.387802959,6662
1000,8,1,4,100000,2.261825551,6656
1000,8,1,5,100000,2.436889849,6490
1000,8,1,6,100000,2.263030545,6588
1000,8,1,7,100000,2.279647446,6794
1000,8,1,8,100000,2.324182443,6696
1000,8,1,9,100000,2.306274942,6713
1000,8,1,10,100000,1.907538235,6681
